{"teta_0": 6331.833333333333, "teta_1": -1129.807976212787}